Workbook

Sheet KIA
A2: 국내 야수 15인 (타석순)
A4: 순 | B4: 선수명 | C4: 팀 | D4: 나이(2025) | E4: 경기 | F4: 타석 | G4: 25WAR | H4: X24WAR | I4: X23WAR | J4: 최종_회귀적용 WAR
A5: 1 | B5: 오선우 | C5: KIA | D5: 29 | E5: 124 | F5: 474 | G5: 0.03 | H5: -0.06 | I5: -0.22 | J5: -0.04
A6: 2 | B6: 김호령 | C6: KIA | D6: 33 | E6: 105 | F6: 381 | G6: 2.82 | H6: -0.21 | I6: 0.2 | J6: 1.3
A7: 3 | B7: 나성범 | C7: KIA | D7: 36 | E7: 82 | F7: 310 | G7: 1.91 | H7: 1.79 | I7: 3.68 | J7: 1.89
A8: 4 | B8: 김선빈 | C8: KIA | D8: 36 | E8: 84 | F8: 308 | G8: 2.11 | H8: 2.46 | I8: 2.71 | J8: 1.96
A9: 5 | B9: 한준수 | C9: KIA | D9: 26 | E9: 103 | F9: 276 | G9: 0.66 | H9: 1.59 | I9: 0.54 | J9: 1.09
A10: 6 | B10: 김태군 | C10: KIA | D10: 36 | E10: 100 | F10: 274 | G10: 1.77 | H10: 1.16 | I10: -0.2 | J10: 1.1
A11: 7 | B11: 김규성 | C11: KIA | D11: 28 | E11: 133 | F11: 222 | G11: 0.53 | H11: -0.18 | I11: 0.53 | J11: 0.31
A12: 8 | B12: 윤도현 | C12: KIA | D12: 22 | E12: 40 | F12: 160 | G12: 0.38 | H12: 0.51 | I12: -0.06 | J12: 0.33
A13: 9 | B13: 변우혁 | C13: KIA | D13: 25 | E13: 47 | F13: 153 | G13: -0.11 | H13: 0.75 | I13: -0.31 | J13: 0.11
A14: 10 | B14: 김석환 | C14: KIA | D14: 26 | E14: 47 | F14: 134 | G14: -0.08 | H14: -0.16 | I14: -0.41 | J14: -0.1
A15: 11 | B15: 고종욱 | C15: KIA | D15: 36 | E15: 46 | F15: 123 | G15: 0.18 | H15: -0.02 | I15: 0.57 | J15: 0.17
A16: 12 | B16: 김도영 | C16: KIA | D16: 22 | E16: 30 | F16: 122 | G16: 1.33 | H16: 8.59 | I16: 3.76 | J16: 3.6
... A19: 15 | B19: 박정우 | C19: KIA | D19: 27 | E19: 53 | F19: 75 | G19: 0.45 | H19: 0.43 | I19: 0.24 | J19: 0.34
J20: =SUM(J5:J19) -> 12.52
A21: 국내 투수 15인 (이닝순)
A23: 순 | B23: 선수명 | C23: 팀 | D23: 나이(2025) | E23: 이닝 | F23: 25WAR | G23: X24WAR | H23: X23WAR | I23: 최종_회귀적용 WAR
A24: 1 | B24: 양현종 | C24: KIA | D24: 37 | E24: 153 | F24: 0.86 | G24: 4.34 | H24: 3.59 | I24: 2.6
A25: 2 | B25: 김도현 | C25: KIA | D25: 25 | E25: 125.1 | F25: 0.97 | G25: 1.01 | H25: 0.66 | I25: 0.87
A26: 3 | B26: 전상현 | C26: KIA | D26: 29 | E26: 70 | F26: 1.36 | G26: 1.4 | H26: 1.67 | I26: 1.35
A27: 4 | B27: 정해영 | C27: KIA | D27: 24 | E27: 61.2 | F27: 0.7 | G27: 2.2 | H27: 1.3 | I27: 1.52
A28: 5 | B28: 조상우 | C28: KIA | D28: 31 | E28: 60 | F28: 1.03 | G28: 0.73 | H28: 0.59 | I28: 0.67
A29: 6 | B29: 최지민 | C29: KIA | D29: 22 | E29: 53.1 | F29: -0.15 | G29: 0.29 | H29: 0.75 | I29: 0.15
A30: 7 | B30: 성영탁 | C30: KIA | D30: 21 | E30: 52.1 | F30: 1.99 | G30: 0.66 | H30: 0.66 | I30: 1.16
A31: 8 | B31: 윤영철 | C31: KIA | D31: 21 | E31: 50 | F31: 0.18 | G31: 1.89 | H31: 2.45 | I31: 1.4
A32: 9 | B32: 김건국 | C32: KIA | D32: 37 | E32: 46 | F32: -0.75 | G32: -0.29 | H32: -0.03 | I32: -0.51
A33: 10 | B33: 이의리 | C33: KIA | D33: 23 | E33: 39.2 | F33: -0.36 | G33: 0.04 | H33: 2.85 | I33: 0.58
A34: 11 | B34: 황동하 | C34: KIA | D34: 23 | E34: 35.2 | F34: 0.06 | G34: 1.78 | H34: -0.12 | I34: 0.71
A35: 12 | B35: 이준영 | C35: KIA | D35: 33 | E35: 34 | F35: -0.14 | G35: 0.32 | H35: 0.85 | I35: 0.17
... A38: 15 | B38: 김기훈 | C38: KIA | D38: 25 | E38: 27.2 | F38: 0.36 | G38: 0.02 | H38: -0.31 | I38: 0.14
I39: =SUM(I24:I38) -> 10.96

Sheet 삼성
A2: 국내 야수 15인 (타석순)
A4: 순 | B4: 선수명 | C4: 팀 | D4: 나이(2025) | E4: 경기 | F4: 타석 | G4: 25WAR | H4: X24WAR | I4: X23WAR | J4: 최종_회귀적용 WAR
A5: 1 | B5: 구자욱 | C5: 삼성 | D5: 32 | E5: 142 | F5: 616 | G5: 4.48 | H5: 5.88 | I5: 5.43 | J5: 4.37
A6: 2 | B6: 이재현 | C6: 삼성 | D6: 22 | E6: 139 | F6: 555 | G6: 5.13 | H6: 3.13 | I6: 2.73 | J6: 3.86
A7: 3 | B7: 최형우 | C7: 삼성 | D7: 42 | E7: 133 | F7: 549 | G7: 4.37 | H7: 1.59 | I7: 3.85 | J7: 3.43
A8: 4 | B8: 김성윤 | C8: 삼성 | D8: 26 | E8: 127 | F8: 538 | G8: 5.5 | H8: -0.03 | I8: 1.99 | J8: 3.38
A9: 5 | B9: 김영웅 | C9: 삼성 | D9: 22 | E9: 125 | F9: 499 | G9: 2.82 | H9: 2.37 | I9: 0.1 | J9: 2.13
A10: 6 | B10: 강민호 | C10: 삼성 | D10: 40 | E10: 127 | F10: 465 | G10: 2.59 | H10: 3.43 | I10: 3.4 | J10: 3
A11: 7 | B11: 류지혁 | C11: 삼성 | D11: 31 | E11: 129 | F11: 464 | G11: 1.51 | H11: 0.09 | I11: 0.42 | J11: 0.93
A12: 8 | B12: 김지찬 | C12: 삼성 | D12: 24 | E12: 90 | F12: 373 | G12: 0.94 | H12: 4.11 | I12: 2.48 | J12: 2.48
A13: 9 | B13: 박승규 | C13: 삼성 | D13: 25 | E13: 64 | F13: 200 | G13: 1.33 | H13: 0.44 | I13: 0.44 | J13: 0.66
A14: 10 | B14: 김헌곤 | C14: 삼성 | D14: 37 | E14: 77 | F14: 191 | G14: -0.98 | H14: 1.09 | I14: -0.19 | J14: -0.03
A15: 11 | B15: 이성규 | C15: 삼성 | D15: 32 | E15: 68 | F15: 154 | G15: 1.23 | H15: 1.14 | I15: -0.22 | J15: 0.95
A16: 12 | B16: 김태훈 | C16: 삼성 | D16: 29 | E16: 51 | F16: 98 | G16: -0.39 | H16: -0.05 | I16: -0.43 | J16: -0.26
... A19: 15 | B19: 김재성 | C19: 삼성 | D19: 29 | E19: 43 | F19: 73 | G19: -0.37 | H19: -0.23 | I19: 0.47 | J19: -0.14
J20: =SUM(J5:J19) -> 25.3
A21: 국내 투수 15인 (이닝순)
A23: 순 | B23: 선수명 | C23: 팀 | D23: 나이(2025) | E23: 이닝 | F23: 25WAR | G23: X24WAR | H23: X23WAR | I23: 최종_회귀적용 WAR
A24: 1 | B24: 원태인 | C24: 삼성 | D24: 25 | E24: 166.2 | F24: 4.91 | G24: 5.22 | H24: 3.89 | I24: 4.98
A25: 2 | B25: 최원태 | C25: 삼성 | D25: 28 | E25: 124.1 | F25: 1.73 | G25: 2.88 | H25: 2.85 | I25: 2.2
A26: 3 | B26: 이승현 | C26: 삼성 | D26: 23 | E26: 101.1 | F26: 1.39 | G26: 2.37 | H26: -0.02 | I26: 1.53
A27: 4 | B27: 김태훈 | C27: 삼성 | D27: 33 | E27: 66.1 | F27: 1.27 | G27: 1.14 | H27: -0.67 | I27: 0.87
A28: 5 | B28: 이승민 | C28: 삼성 | D28: 25 | E28: 64.1 | F28: 0.36 | G28: -0.38 | H28: -0.01 | I28: 0.07
A29: 6 | B29: 양창섭 | C29: 삼성 | D29: 26 | E29: 63 | F29: 1.04 | G29: 0.19 | H29: -0.46 | I29: 0.54
A30: 7 | B30: 김재윤 | C30: 삼성 | D30: 35 | E30: 57.2 | F30: 0.47 | G30: 1.21 | H30: 2.51 | I30: 1.36
A31: 8 | B31: 이호성 | C31: 삼성 | D31: 21 | E31: 55.1 | F31: -0.03 | G31: -0.11 | H31: 0.58 | I31: 0.08
A32: 9 | B32: 배찬승 | C32: 삼성 | D32: 19 | E32: 50.2 | F32: 0.59 | G32: 0.2 | H32: 0.2 | I32: 0.41
A33: 10 | B33: 이승현 | C33: 삼성 | D33: 34 | E33: 35.2 | F33: -0.46 | G33: 0.98 | H33: 0.53 | I33: 0.32
A34: 11 | B34: 백정현 | C34: 삼성 | D34: 38 | E34: 32.1 | F34: 1.3 | G34: 0.85 | H34: 2.56 | I34: 1.42
A35: 12 | B35: 임기영 | C35: 삼성 | D35: 32 | E35: 9 | F35: -0.48 | G35: -0.24 | H35: 2.06 | I35: 0.27
... A38: 15 | B38: 양현 | C38: 삼성 | D38: 33 | E38: 3.1 | F38: 0.13 | G38: -0.01 | H38: -0.8 | I38: -0.09
I39: =SUM(I24:I38) -> 14.16

Sheet 두산
A2: 국내 야수 15인 (타석순)
A4: 순 | B4: 선수명 | C4: 팀 | D4: 나이(2025) | E4: 경기 | F4: 타석 | G4: 25WAR | H4: X24WAR | I4: X23WAR | J4: 최종_회귀적용 WAR
A5: 1 | B5: 박찬호 | C5: 두산 | D5: 30 | E5: 134 | F5: 595 | G5: 4.56 | H5: 2.87 | I5: 4.23 | J5: 3.43
A6: 2 | B6: 정수빈 | C6: 두산 | D6: 35 | E6: 132 | F6: 546 | G6: 2.83 | H6: 3.07 | I6: 4.4 | J6: 2.54
A7: 3 | B7: 양의지 | C7: 두산 | D7: 38 | E7: 130 | F7: 517 | G7: 6.79 | H7: 3.31 | I7: 6.18 | J7: 5.62
A8: 4 | B8: 강승호 | C8: 두산 | D8: 31 | E8: 115 | F8: 400 | G8: 1.55 | H8: 3.83 | I8: 1.54 | J8: 2.09
A9: 5 | B9: 오명진 | C9: 두산 | D9: 24 | E9: 107 | F9: 371 | G9: 1.8 | H9: -0.01 | I9: 0.6 | J9: 1.13
A10: 6 | B10: 이유찬 | C10: 두산 | D10: 27 | E10: 89 | F10: 311 | G10: 0.84 | H10: 1.04 | I10: 0.88 | J10: 0.77
A11: 7 | B11: 박준순 | C11: 두산 | D11: 19 | E11: 91 | F11: 298 | G11: -0.05 | H11: -0.02 | I11: -0.02 | J11: 0.01
A12: 8 | B12: 양석환 | C12: 두산 | D12: 34 | E12: 72 | F12: 294 | G12: 1.24 | H12: 2.24 | I12: 2.92 | J12: 1.75
A13: 9 | B13: 김민석 | C13: 두산 | D13: 21 | E13: 95 | F13: 247 | G13: -1.31 | H13: -0.44 | I13: -0.44 | J13: -0.54
A14: 10 | B14: 김기연 | C14: 두산 | D14: 28 | E14: 100 | F14: 245 | G14: 0.3 | H14: 1.2 | I14: 0.5 | J14: 0.49
A15: 11 | B15: 김인태 | C15: 두산 | D15: 31 | E15: 106 | F15: 225 | G15: 0.8 | H15: -0.37 | I15: 0.38 | J15: 0.34
A16: 12 | B16: 박계범 | C16: 두산 | D16: 29 | E16: 94 | F16: 198 | G16: -0.07 | H16: -0.31 | I16: -0.31 | J16: -0.17
... A19: 15 | B19: 김동준 | C19: 두산 | D19: 23 | E19: 36 | F19: 100 | G19: -0.65 | H19: -0.22 | I19: -0.22 | J19: -0.33
J20: =SUM(J5:J19) -> 18.38
A21: 국내 투수 15인 (이닝순)
A23: 순 | B23: 선수명 | C23: 팀 | D23: 나이(2025) | E23: 이닝 | F23: 25WAR | G23: X24WAR | H23: X23WAR | I23: 최종_회귀적용 WAR
A24: 1 | B24: 최승용 | C24: 두산 | D24: 24 | E24: 116.1 | F24: 1.7 | G24: 0.08 | H24: 1.69 | I24: 1.46
A25: 2 | B25: 곽빈 | C25: 두산 | D25: 26 | E25: 109.1 | F25: 2.01 | G25: 4.39 | H25: 3.92 | I25: 2.68
A26: 3 | B26: 최원준 | C26: 두산 | D26: 31 | E26: 107 | F26: 0.95 | G26: 1.15 | H26: 1.13 | I26: 0.95
A27: 4 | B27: 최민석 | C27: 두산 | D27: 19 | E27: 77.2 | F27: 1.43 | G27: 0.48 | H27: 0.48 | I27: 0.99
A28: 5 | B28: 이영하 | C28: 두산 | D28: 28 | E28: 66.2 | F28: 0.9 | G28: 0.45 | H28: -0.35 | I28: 0.65
A29: 6 | B29: 김택연 | C29: 두산 | D29: 20 | E29: 66.1 | F29: 1.32 | G29: 2.92 | H29: 1.41 | I29: 1.69
A30: 7 | B30: 박치국 | C30: 두산 | D30: 27 | E30: 62.1 | F30: 0.22 | G30: -0.06 | H30: 0.59 | I30: 0.2
A31: 8 | B31: 박신지 | C31: 두산 | D31: 26 | E31: 60 | F31: 0.47 | G31: 0.19 | H31: -0.03 | I31: 0.25
A32: 9 | B32: 최지강 | C32: 두산 | D32: 24 | E32: 32.2 | F32: -0.56 | G32: 1.1 | H32: 0.08 | I32: 0.27
A33: 10 | B33: 박정수 | C33: 두산 | D33: 29 | E33: 26.1 | F33: 0.33 | G33: 0.15 | H33: 0.08 | I33: 0.21
A34: 11 | B34: 양재훈 | C34: 두산 | D34: 22 | E34: 23.1 | F34: 0.35 | G34: 0.12 | H34: 0.12 | I34: 0.16
A35: 12 | B35: 김정우 | C35: 두산 | D35: 26 | E35: 21 | F35: -0.02 | G35: -0.13 | H35: -0.21 | I35: -0.08
... A38: 15 | B38: 제환유 | C38: 두산 | D38: 25 | E38: 16.1 | F38: 0.14 | G38: 0.01 | H38: -0.11 | I38: 0.05
I39: =SUM(I24:I38) -> 9.33

Sheet LG
A2: 국내 야수 15인 (타석순)
A4: 순 | B4: 선수명 | C4: 팀 | D4: 나이(2025) | E4: 경기 | F4: 타석 | G4: 25WAR | H4: X24WAR | I4: X23WAR | J4: 최종_회귀적용 WAR
A5: 1 | B5: 문보경 | C5: LG | D5: 25 | E5: 141 | F5: 607 | G5: 4.18 | H5: 4.46 | I5: 4.12 | J5: 4.25
A6: 2 | B6: 박해민 | C6: LG | D6: 35 | E6: 144 | F6: 544 | G6: 4.55 | H6: 2.1 | I6: 3.46 | J6: 2.82
A7: 3 | B7: 문성주 | C7: LG | D7: 28 | E7: 135 | F7: 542 | G7: 2.61 | H7: 2.49 | I7: 3.69 | J7: 2.63
A8: 4 | B8: 신민재 | C8: LG | D8: 29 | E8: 135 | F8: 538 | G8: 3.49 | H8: 2.72 | I8: 1.25 | J8: 3.02
A9: 5 | B9: 박동원 | C9: LG | D9: 35 | E9: 139 | F9: 523 | G9: 5.12 | H9: 4.54 | I9: 4.26 | J9: 3.86
A10: 6 | B10: 오지환 | C10: LG | D10: 35 | E10: 127 | F10: 472 | G10: 2.89 | H10: 3.09 | I10: 5.17 | J10: 2.68
A11: 7 | B11: 구본혁 | C11: LG | D11: 28 | E11: 131 | F11: 397 | G11: 3.59 | H11: 1.33 | I11: 1.64 | J11: 2.11
A12: 8 | B12: 홍창기 | C12: LG | D12: 32 | E12: 51 | F12: 215 | G12: 0.99 | H12: 5.23 | I12: 6.89 | J12: 2.91
A13: 9 | B13: 천성호 | C13: LG | D13: 28 | E13: 52 | F13: 199 | G13: 0.55 | H13: 0.31 | I13: 0.29 | J13: 0.36
A14: 10 | B14: 송찬의 | C14: LG | D14: 26 | E14: 66 | F14: 166 | G14: 0.03 | H14: -0.13 | I14: -0.3 | J14: -0.07
A15: 11 | B15: 이주헌 | C15: LG | D15: 22 | E15: 76 | F15: 156 | G15: 0.65 | H15: 0.14 | I15: 0.26 | J15: 0.37
A16: 12 | B16: 최원영 | C16: LG | D16: 22 | E16: 119 | F16: 115 | G16: 0.77 | H16: 0.17 | I16: 0.31 | J16: 0.44
... A19: 15 | B19: 문정빈 | C19: LG | D19: 22 | E19: 21 | F19: 33 | G19: 0.11 | H19: 0.04 | I19: 0.04 | J19: 0.06
J20: =SUM(J5:J19) -> 25.32
A21: 국내 투수 15인 (이닝순)
A23: 순 | B23: 선수명 | C23: 팀 | D23: 나이(2025) | E23: 이닝 | F23: 25WAR | G23: X24WAR | H23: X23WAR | I23: 최종_회귀적용 WAR
A24: 1 | B24: 임찬규 | C24: LG | D24: 33 | E24: 160.1 | F24: 4.9 | G24: 3.94 | H24: 3.29 | I24: 3.61
A25: 2 | B25: 손주영 | C25: LG | D25: 27 | E25: 153 | F25: 3.82 | G25: 3.78 | H25: -0.16 | I25: 2.7
A26: 3 | B26: 송승기 | C26: LG | D26: 23 | E26: 144 | F26: 3.55 | G26: 1.2 | H26: 0.04 | I26: 1.9
A27: 4 | B27: 김진성 | C27: LG | D27: 40 | E27: 70.2 | F27: 0.54 | G27: 1.01 | H27: 2.14 | I27: 1
A28: 5 | B28: 김영우 | C28: LG | D28: 20 | E28: 60 | F28: 1.5 | G28: 0.5 | H28: 0.5 | I28: 0.81
A29: 6 | B29: 장현식 | C29: LG | D29: 30 | E29: 49.2 | F29: 0.73 | G29: 1.67 | H29: 0.5 | I29: 1.02
A30: 7 | B30: 이지강 | C30: LG | D30: 26 | E30: 47.1 | F30: -0.04 | G30: 0 | H30: 0.21 | I30: 0.02
A31: 8 | B31: 유영찬 | C31: LG | D31: 28 | E31: 41 | F31: 0.92 | G31: 0.89 | H31: 1.35 | I31: 0.97
A32: 9 | B32: 박명근 | C32: LG | D32: 21 | E32: 38.2 | F32: 0.62 | G32: -0.38 | H32: -0.1 | I32: 0.2
A33: 10 | B33: 이정용 | C33: LG | D33: 29 | E33: 34 | F33: 0.57 | G33: 0.49 | H33: 0.9 | I33: 0.44
A34: 11 | B34: 백승현 | C34: LG | D34: 30 | E34: 30 | F34: 0.16 | G34: -0.51 | H34: 1.94 | I34: 0.47
A35: 12 | B35: 최채흥 | C35: LG | D35: 30 | E35: 29 | F35: 0.17 | G35: -0.07 | H35: -0.14 | I35: 0.03
... A38: 15 | B38: 배재준 | C38: LG | D38: 31 | E38: 13 | F38: 0.14 | G38: 0.02 | H38: -0.07 | I38: 0.05
I39: =SUM(I24:I38) -> 14.21

Sheet KT
A2: 국내 야수 15인 (타석순)
A4: 순 | B4: 선수명 | C4: 팀 | D4: 나이(2025) | E4: 경기 | F4: 타석 | G4: 25WAR | H4: X24WAR | I4: X23WAR | J4: 최종_회귀적용 WAR
A5: 1 | B5: 김현수 | C5: KT | D5: 37 | E5: 140 | F5: 552 | G5: 3.36 | H5: 1.09 | I5: 1.6 | J5: 1.71
A6: 2 | B6: 안현민 | C6: KT | D6: 22 | E6: 112 | F6: 482 | G6: 6.77 | H6: -0.07 | I6: 2.23 | J6: 3.1
A7: 3 | B7: 허경민 | C7: KT | D7: 35 | E7: 114 | F7: 481 | G7: 1.68 | H7: 3.3 | I7: 2.14 | J7: 1.84
A8: 4 | B8: 장성우 | C8: KT | D8: 35 | E8: 129 | F8: 480 | G8: 2.27 | H8: 3.34 | I8: 3.4 | J8: 2.25
A9: 5 | B9: 최원준 | C9: KT | D9: 28 | E9: 50 | F9: 449 | G9: -1.31 | H9: 2.24 | I9: 0.36 | J9: 0.28
A10: 6 | B10: 김상수 | C10: KT | D10: 35 | E10: 113 | F10: 423 | G10: 1.17 | H10: 1.95 | I10: 2.35 | J10: 1.32
A11: 7 | B11: 김민혁 | C11: KT | D11: 30 | E11: 106 | F11: 417 | G11: -0.15 | H11: 2.27 | I11: 2.63 | J11: 1.12
A12: 8 | B12: 권동진 | C12: KT | D12: 27 | E12: 123 | F12: 309 | G12: 0.4 | H12: -0.09 | I12: 0.1 | J12: 0.15
A13: 9 | B13: 배정대 | C13: KT | D13: 30 | E13: 99 | F13: 276 | G13: -0.03 | H13: 0.91 | I13: 1.73 | J13: 0.69
A14: 10 | B14: 문상철 | C14: KT | D14: 34 | E14: 79 | F14: 209 | G14: 0.38 | H14: 1.7 | I14: -0.24 | J14: 0.74
A15: 11 | B15: 오윤석 | C15: KT | D15: 33 | E15: 77 | F15: 184 | G15: 0.66 | H15: 1.57 | I15: 0.57 | J15: 0.81
A16: 12 | B16: 장진혁 | C16: KT | D16: 32 | E16: 86 | F16: 157 | G16: -0.01 | H16: 0.6 | I16: -0.62 | J16: 0.05
... A19: 15 | B19: 조대현 | C19: KT | D19: 26 | E19: 64 | F19: 90 | G19: -0.39 | H19: 0.48 | I19: 0.03 | J19: -0.04
J20: =SUM(J5:J19) -> 14.08
A21: 국내 투수 15인 (이닝순)
A23: 순 | B23: 선수명 | C23: 팀 | D23: 나이(2025) | E23: 이닝 | F23: 25WAR | G23: X24WAR | H23: X23WAR | I23: 최종_회귀적용 WAR
A24: 1 | B24: 고영표 | C24: KT | D24: 34 | E24: 161 | F24: 4.17 | G24: 1.56 | H24: 6.05 | I24: 2.71
A25: 2 | B25: 소형준 | C25: KT | D25: 24 | E25: 147.1 | F25: 3.72 | G25: 0.29 | H25: -0.23 | I25: 2.15
A26: 3 | B26: 오원석 | C26: KT | D26: 24 | E26: 132.1 | F26: 3.35 | G26: 2.31 | H26: 1.06 | I26: 2.87
A27: 4 | B27: 박영현 | C27: KT | D27: 22 | E27: 69 | F27: 0.95 | G27: 2.41 | H27: 2.39 | I27: 1.56
A28: 5 | B28: 한승혁 | C28: KT | D28: 32 | E28: 64 | F28: 2.54 | G28: 0.76 | H28: -0.35 | I28: 1.19
A29: 6 | B29: 손동현 | C29: KT | D29: 24 | E29: 58.2 | F29: 0.94 | G29: 0.17 | H29: 1.81 | I29: 1.11
A30: 7 | B30: 원상현 | C30: KT | D30: 21 | E30: 57 | F30: 0.19 | G30: -0.07 | H30: 0.04 | I30: 0.09
A31: 8 | B31: 김민수 | C31: KT | D31: 33 | E31: 52.2 | F31: 0.43 | G31: 0.5 | H31: -0.13 | I31: 0.3
A32: 9 | B32: 우규민 | C32: KT | D32: 40 | E32: 44.1 | F32: 1.12 | G32: 1.31 | H32: 0.17 | I32: 0.99
A33: 10 | B33: 이상동 | C33: KT | D33: 30 | E33: 43.1 | F33: 1.12 | G33: -0.05 | H33: 0.71 | I33: 0.65
A34: 11 | B34: 주권 | C34: KT | D34: 30 | E34: 40.2 | F34: 0.31 | G34: -0.28 | H34: 0.3 | I34: 0.12
A35: 12 | B35: 문용익 | C35: KT | D35: 30 | E35: 28.2 | F35: 0.71 | G35: -0.78 | H35: 0.24 | I35: 0.34
... A38: 15 | B38: 전용주 | C38: KT | D38: 25 | E38: 13.2 | F38: 0.17 | G38: -0.21 | H38: 0.3 | I38: 0.09
I39: =SUM(I24:I38) -> 14.74

Sheet SSG
A2: 국내 야수 15인 (타석순)
A4: 순 | B4: 선수명 | C4: 팀 | D4: 나이(2025) | E4: 경기 | F4: 타석 | G4: 25WAR | H4: X24WAR | I4: X23WAR | J4: 최종_회귀적용 WAR
A5: 1 | B5: 최지훈 | C5: SSG | D5: 28 | E5: 140 | F5: 574 | G5: 2.3 | H5: 1.82 | I5: 1.3 | J5: 1.89
A6: 2 | B6: 박성한 | C6: SSG | D6: 27 | E6: 127 | F6: 538 | G6: 5.28 | H6: 3.72 | I6: 3.66 | J6: 3.65
A7: 3 | B7: 한유섬 | C7: SSG | D7: 36 | E7: 128 | F7: 511 | G7: 1.82 | H7: -0.22 | I7: 0.84 | J7: 0.97
A8: 4 | B8: 고명준 | C8: SSG | D8: 23 | E8: 130 | F8: 500 | G8: 0.79 | H8: -0.72 | I8: -0.02 | J8: 0.36
A9: 5 | B9: 정준재 | C9: SSG | D9: 22 | E9: 132 | F9: 442 | G9: 1.84 | H9: 1.86 | I9: 1.23 | J9: 1.48
A10: 6 | B10: 김재환 | C10: SSG | D10: 37 | E10: 103 | F10: 407 | G10: 1.91 | H10: 3.19 | I10: 0.45 | J10: 1.5
A11: 7 | B11: 최정 | C11: SSG | D11: 38 | E11: 95 | F11: 406 | G11: 1.41 | H11: 4.7 | I11: 5.42 | J11: 3.2
A12: 8 | B12: 조형우 | C12: SSG | D12: 23 | E12: 102 | F12: 294 | G12: 0.59 | H12: -0.08 | I12: -0.35 | J12: 0.2
A13: 9 | B13: 안상현 | C13: SSG | D13: 28 | E13: 102 | F13: 289 | G13: 0.45 | H13: -0.75 | I13: -0.03 | J13: -0.01
A14: 10 | B14: 오태곤 | C14: SSG | D14: 34 | E14: 122 | F14: 229 | G14: -0.36 | H14: 1.33 | I14: 0.34 | J14: 0.44
A15: 11 | B15: 이지영 | C15: SSG | D15: 39 | E15: 76 | F15: 216 | G15: -0.06 | H15: 1.58 | I15: 0.52 | J15: 0.55
A16: 12 | B16: 최준우 | C16: SSG | D16: 26 | E16: 78 | F16: 192 | G16: -0.29 | H16: 0.18 | I16: 0.37 | J16: -0.01
... A19: 15 | B19: 현원회 | C19: SSG | D19: 24 | E19: 21 | F19: 62 | G19: 0.17 | H19: -0.02 | I19: 0.05 | J19: 0.09
J20: =SUM(J5:J19) -> 14.04
A21: 국내 투수 15인 (이닝순)
A23: 순 | B23: 선수명 | C23: 팀 | D23: 나이(2025) | E23: 이닝 | F23: 25WAR | G23: X24WAR | H23: X23WAR | I23: 최종_회귀적용 WAR
A24: 1 | B24: 김광현 | C24: SSG | D24: 37 | E24: 144 | F24: 1.62 | G24: 2.97 | H24: 3.63 | I24: 2.58
A25: 2 | B25: 문승원 | C25: SSG | D25: 36 | E25: 105.1 | F25: 1.51 | G25: 0.91 | H25: 0.6 | I25: 0.92
A26: 3 | B26: 노경은 | C26: SSG | D26: 41 | E26: 80 | F26: 3.13 | G26: 2.64 | H26: 1.62 | I26: 2.68
A27: 4 | B27: 이로운 | C27: SSG | D27: 21 | E27: 77 | F27: 2.85 | G27: 0.2 | H27: -0.19 | I27: 1.71
A28: 5 | B28: 조병현 | C28: SSG | D28: 23 | E28: 67.1 | F28: 3.37 | G28: 2.11 | H28: 1.83 | I28: 2.39
A29: 6 | B29: 김건우 | C29: SSG | D29: 23 | E29: 66 | F29: 1.35 | G29: 0.45 | H29: 0.45 | I29: 0.71
A30: 7 | B30: 최민준 | C30: SSG | D30: 26 | E30: 65.2 | F30: 0.99 | G30: -0.7 | H30: 0.22 | I30: 0.46
A31: 8 | B31: 김민 | C31: SSG | D31: 26 | E31: 63.2 | F31: 1.99 | G31: 1.84 | H31: -0.21 | I31: 1.4
A32: 9 | B32: 전영준 | C32: SSG | D32: 23 | E32: 52.2 | F32: 0.75 | G32: 0.25 | H32: 0.25 | I32: 0.39
A33: 10 | B33: 박시후 | C33: SSG | D33: 24 | E33: 52.1 | F33: 0.38 | G33: 0.09 | H33: 0.16 | I33: 0.25
A34: 11 | B34: 한두솔 | C34: SSG | D34: 28 | E34: 36.1 | F34: 0.36 | G34: 0.71 | H34: -0.01 | I34: 0.38
A35: 12 | B35: 박기호 | C35: SSG | D35: 20 | E35: 24 | F35: 0.32 | G35: 0.11 | H35: 0.11 | I35: 0.17
... A38: 15 | B38: 정동윤 | C38: SSG | D38: 28 | E38: 17.1 | F38: -0.26 | G38: 0.05 | H38: -0.07 | I38: -0.11
I39: =SUM(I24:I38) -> 14.2

Sheet 롯데
A2: 국내 야수 15인 (타석순)
A4: 순 | B4: 선수명 | C4: 팀 | D4: 나이(2025) | E4: 경기 | F4: 타석 | G4: 25WAR | H4: X24WAR | I4: X23WAR | J4: 최종_회귀적용 WAR
A5: 1 | B5: 고승민 | C5: 롯데 | D5: 25 | E5: 121 | F5: 538 | G5: 2.05 | H5: 3.18 | I5: 0.09 | J5: 2
A6: 2 | B6: 전준우 | C6: 롯데 | D6: 39 | E6: 114 | F6: 472 | G6: 1.39 | H6: 1.85 | I6: 3.53 | J6: 1.96
A7: 3 | B7: 윤동희 | C7: 롯데 | D7: 22 | E7: 97 | F7: 399 | G7: 3.14 | H7: 3.23 | I7: 0.36 | J7: 2.56
A8: 4 | B8: 나승엽 | C8: 롯데 | D8: 23 | E8: 105 | F8: 392 | G8: -0.07 | H8: 2.29 | I8: 0.74 | J8: 0.78
A9: 5 | B9: 손호영 | C9: 롯데 | D9: 31 | E9: 97 | F9: 375 | G9: 0.2 | H9: 2.3 | I9: -0.34 | J9: 0.81
A10: 6 | B10: 전민재 | C10: 롯데 | D10: 26 | E10: 101 | F10: 369 | G10: 1.13 | H10: -0.3 | I10: -0.28 | J10: 0.65
A11: 7 | B11: 유강남 | C11: 롯데 | D11: 33 | E11: 110 | F11: 350 | G11: 2.09 | H11: 0.08 | I11: 2.41 | J11: 1.43
A12: 8 | B12: 장두성 | C12: 롯데 | D12: 26 | E12: 118 | F12: 284 | G12: 0.71 | H12: -0.12 | I12: 0.17 | J12: 0.42
A13: 9 | B13: 황성빈 | C13: 롯데 | D13: 28 | E13: 79 | F13: 273 | G13: 0.14 | H13: 2.41 | I13: 0.08 | J13: 0.9
A14: 10 | B14: 한태양 | C14: 롯데 | D14: 22 | E14: 108 | F14: 267 | G14: 1.52 | H14: 0.51 | I14: 0.51 | J14: 0.76
A15: 11 | B15: 김민성 | C15: 롯데 | D15: 37 | E15: 96 | F15: 254 | G15: 0.15 | H15: 0.1 | I15: 1.68 | J15: 0.49
A16: 12 | B16: 이호준 | C16: 롯데 | D16: 21 | E16: 99 | F16: 153 | G16: 0.8 | H16: 0.11 | I16: 0.3 | J16: 0.51
... A19: 15 | B19: 김동혁 | C19: 롯데 | D19: 25 | E19: 93 | F19: 114 | G19: 0.83 | H19: 0.16 | I19: 0.01 | J19: 0.46
J20: =SUM(J5:J19) -> 14.63
A21: 국내 투수 15인 (이닝순)
A23: 순 | B23: 선수명 | C23: 팀 | D23: 나이(2025) | E23: 이닝 | F23: 25WAR | G23: X24WAR | H23: X23WAR | I23: 최종_회귀적용 WAR
A24: 1 | B24: 박세웅 | C24: 롯데 | D24: 30 | E24: 160.2 | F24: 1.95 | G24: 3.52 | H24: 3.68 | I24: 2.55
A25: 2 | B25: 나균안 | C25: 롯데 | D25: 27 | E25: 137.1 | F25: 3.01 | G25: -0.68 | H25: 2.9 | I25: 1.84
A26: 3 | B26: 이민석 | C26: 롯데 | D26: 22 | E26: 87.1 | F26: 0.95 | G26: 0.03 | H26: 0.07 | I26: 0.45
A27: 4 | B27: 김강현 | C27: 롯데 | D27: 30 | E27: 72 | F27: 0.93 | G27: 0.46 | H27: 0.07 | I27: 0.58
A28: 5 | B28: 정철원 | C28: 롯데 | D28: 26 | E28: 70 | F28: 1.03 | G28: -0.16 | H28: 0.01 | I28: 0.58
A29: 6 | B29: 박진 | C29: 롯데 | D29: 26 | E29: 69.1 | F29: 0.03 | G29: 0.97 | H29: -0.08 | I29: 0.26
A30: 7 | B30: 김원중 | C30: 롯데 | D30: 32 | E30: 60.2 | F30: 1.61 | G30: 2.2 | H30: 1.28 | I30: 1.32
A31: 8 | B31: 최준용 | C31: 롯데 | D31: 24 | E31: 54.1 | F31: 0.33 | G31: 0.13 | H31: 1.47 | I31: 0.72
A32: 9 | B32: 정현수 | C32: 롯데 | D32: 24 | E32: 47.2 | F32: 1.03 | G32: 0.74 | H32: 0.59 | I32: 0.85
A33: 10 | B33: 김상수 | C33: 롯데 | D33: 37 | E33: 36.2 | F33: -0.52 | G33: 0.94 | H33: 1.53 | I33: 0.52
A34: 11 | B34: 홍민기 | C34: 롯데 | D34: 24 | E34: 32 | F34: 1.06 | G34: -0.06 | H34: 0.33 | I34: 0.73
A35: 12 | B35: 김진욱 | C35: 롯데 | D35: 23 | E35: 27 | F35: -0.73 | G35: 1.75 | H35: -0.22 | I35: 0.31
... A38: 15 | B38: 박준우 | C38: 롯데 | D38: 20 | E38: 12.1 | F38: -0.21 | G38: -0.01 | H38: -0.07 | I38: -0.12
I39: =SUM(I24:I38) -> 10.5

Sheet 한화
A2: 국내 야수 15인 (타석순)
A4: 순 | B4: 선수명 | C4: 팀 | D4: 나이(2025) | E4: 경기 | F4: 타석 | G4: 25WAR | H4: X24WAR | I4: X23WAR | J4: 최종_회귀적용 WAR
A5: 1 | B5: 노시환 | C5: 한화 | D5: 25 | E5: 144 | F5: 624 | G5: 4.88 | H5: 2.49 | I5: 6.74 | J5: 4.03
A6: 2 | B6: 문현빈 | C6: 한화 | D6: 21 | E6: 141 | F6: 592 | G6: 2.42 | H6: 0.51 | I6: 1.42 | J6: 1.94
A7: 3 | B7: 채은성 | C7: 한화 | D7: 35 | E7: 132 | F7: 527 | G7: 1.37 | H7: 1.18 | I7: 1.85 | J7: 1.14
A8: 4 | B8: 손아섭 | C8: 한화 | D8: 37 | E8: 35 | F8: 416 | G8: 1.16 | H8: 0.08 | I8: 4.46 | J8: 1.26
A9: 5 | B9: 강백호 | C9: 한화 | D9: 26 | E9: 95 | F9: 369 | G9: 1.68 | H9: 2.19 | I9: 0.76 | J9: 1.96
A10: 6 | B10: 이진영 | C10: 한화 | D10: 28 | E10: 115 | F10: 366 | G10: 1.99 | H10: -0.14 | I10: 2.52 | J10: 1.47
A11: 7 | B11: 최재훈 | C11: 한화 | D11: 36 | E11: 121 | F11: 348 | G11: 3.23 | H11: 1.88 | I11: 3.33 | J11: 2.35
A12: 8 | B12: 김태연 | C12: 한화 | D12: 28 | E12: 120 | F12: 340 | G12: 0.49 | H12: 0.63 | I12: 1.2 | J12: 0.65
A13: 9 | B13: 하주석 | C13: 한화 | D13: 31 | E13: 95 | F13: 305 | G13: 2.08 | H13: 0.26 | I13: -0.5 | J13: 1.06
A14: 10 | B14: 황영묵 | C14: 한화 | D14: 26 | E14: 117 | F14: 286 | G14: 0.42 | H14: 1.43 | I14: 0.62 | J14: 0.88
A15: 11 | B15: 이도윤 | C15: 한화 | D15: 29 | E15: 113 | F15: 277 | G15: 0.53 | H15: 0.61 | I15: 1.7 | J15: 0.99
A16: 12 | B16: 심우준 | C16: 한화 | D16: 30 | E16: 94 | F16: 275 | G16: 0.8 | H16: 0.66 | I16: 0.49 | J16: 0.54
... A19: 15 | B19: 임종찬 | C19: 한화 | D19: 24 | E19: 17 | F19: 35 | G19: -0.14 | H19: -0.24 | I19: -0.13 | J19: -0.12
J20: =SUM(J5:J19) -> 19.17
A21: 국내 투수 15인 (이닝순)
A23: 순 | B23: 선수명 | C23: 팀 | D23: 나이(2025) | E23: 이닝 | F23: 25WAR | G23: X24WAR | H23: X23WAR | I23: 최종_회귀적용 WAR
A24: 1 | B24: 류현진 | C24: 한화 | D24: 38 | E24: 139.1 | F24: 4.03 | G24: 3.84 | H24: 2.62 | I24: 3.17
A25: 2 | B25: 문동주 | C25: 한화 | D25: 22 | E25: 121 | F25: 2.53 | G25: 1.44 | H25: 2.67 | I25: 2
A26: 3 | B26: 엄상백 | C26: 한화 | D26: 29 | E26: 80.2 | F26: -0.19 | G26: 3.39 | H26: 3.06 | I26: 1.55
A27: 4 | B27: 박상원 | C27: 한화 | D27: 31 | E27: 66.2 | F27: 0.73 | G27: 0.91 | H27: -0.21 | I27: 0.54
A28: 5 | B28: 김서현 | C28: 한화 | D28: 21 | E28: 66 | F28: 1.99 | G28: 0.59 | H28: -0.29 | I28: 1.36
A29: 6 | B29: 김종수 | C29: 한화 | D29: 31 | E29: 63.2 | F29: 0.85 | G29: 0.28 | H29: 0.28 | I29: 0.39
A30: 7 | B30: 조동욱 | C30: 한화 | D30: 21 | E30: 60 | F30: 1.31 | G30: -0.07 | H30: 0.41 | I30: 0.86
A31: 8 | B31: 황준서 | C31: 한화 | D31: 20 | E31: 56 | F31: 0.41 | G31: 1.02 | H31: 0.48 | I31: 0.55
A32: 9 | B32: 정우주 | C32: 한화 | D32: 19 | E32: 53.2 | F32: 1.23 | G32: 0.41 | H32: 0.41 | I32: 0.85
A33: 10 | B33: 김범수 | C33: 한화 | D33: 30 | E33: 48 | F33: 1.33 | G33: 0.01 | H33: 0.14 | I33: 0.79
A34: 11 | B34: 주현상 | C34: 한화 | D34: 33 | E34: 41.2 | F34: -0.12 | G34: 2.8 | H34: 2.18 | I34: 1.17
A35: 12 | B35: 윤산흠 | C35: 한화 | D35: 26 | E35: 16.2 | F35: 0.36 | G35: 0.08 | H35: -0.12 | I35: 0.14
... A38: 15 | B38: 박준영 | C38: 한화 | D38: 22 | E38: 5 | F38: 0.15 | G38: 0 | H38: -0.16 | I38: 0.04
I39: =SUM(I24:I38) -> 13.4

Sheet NC
A2: 국내 야수 15인 (타석순)
A4: 순 | B4: 선수명 | C4: 팀 | D4: 나이(2025) | E4: 경기 | F4: 타석 | G4: 25WAR | H4: X24WAR | I4: X23WAR | J4: 최종_회귀적용 WAR
A5: 1 | B5: 김주원 | C5: NC | D5: 23 | E5: 144 | F5: 624 | G5: 6.33 | H5: 3.87 | I5: 2.3 | J5: 4.21
A6: 2 | B6: 김휘집 | C6: NC | D6: 23 | E6: 142 | F6: 500 | G6: 2.87 | H6: 2.26 | I6: 1.95 | J6: 2.49
A7: 3 | B7: 박민우 | C7: NC | D7: 32 | E7: 117 | F7: 468 | G7: 4.38 | H7: 4.85 | I7: 4.53 | J7: 4.14
A8: 4 | B8: 권희동 | C8: NC | D8: 35 | E8: 136 | F8: 456 | G8: 2.76 | H8: 3.89 | I8: 2.06 | J8: 2.35
A9: 5 | B9: 박건우 | C9: NC | D9: 35 | E9: 124 | F9: 442 | G9: 1.85 | H9: 2.73 | I9: 4.05 | J9: 2.06
A10: 6 | B10: 김형준 | C10: NC | D10: 26 | E10: 127 | F10: 415 | G10: 3.27 | H10: 0.43 | I10: 0.75 | J10: 2.24
A11: 7 | B11: 이우성 | C11: NC | D11: 31 | E11: 49 | F11: 337 | G11: -0.35 | H11: 0.18 | I11: 2.37 | J11: 0.5
A12: 8 | B12: 천재환 | C12: NC | D12: 31 | E12: 129 | F12: 294 | G12: 0.06 | H12: 0.38 | I12: 0.04 | J12: 0.14
A13: 9 | B13: 서호철 | C13: NC | D13: 29 | E13: 103 | F13: 292 | G13: -0.82 | H13: 1.44 | I13: 2.3 | J13: 0.68
A14: 10 | B14: 오영수 | C14: NC | D14: 25 | E14: 67 | F14: 179 | G14: 0.05 | H14: 0.08 | I14: -0.17 | J14: 0.01
A15: 11 | B15: 최정원 | C15: NC | D15: 25 | E15: 91 | F15: 155 | G15: 1.31 | H15: 0.64 | I15: 0.36 | J15: 0.92
A16: 12 | B16: 한석현 | C16: NC | D16: 31 | E16: 61 | F16: 138 | G16: 0.26 | H16: -0.49 | I16: -0.25 | J16: -0.07
... A19: 15 | B19: 김한별 | C19: NC | D19: 24 | E19: 76 | F19: 72 | G19: 0.5 | H19: -0.06 | I19: -0.4 | J19: 0.17
J20: =SUM(J5:J19) -> 20.23
A21: 국내 투수 15인 (이닝순)
A23: 순 | B23: 선수명 | C23: 팀 | D23: 나이(2025) | E23: 이닝 | F23: 25WAR | G23: X24WAR | H23: X23WAR | I23: 최종_회귀적용 WAR
A24: 1 | B24: 신민혁 | C24: NC | D24: 26 | E24: 132 | F24: 1.93 | G24: 2.68 | H24: 1.93 | I24: 1.91
A25: 2 | B25: 전사민 | C25: NC | D25: 26 | E25: 82.1 | F25: 0.83 | G25: -0.47 | H25: 0.06 | I25: 0.43
A26: 3 | B26: 김진호 | C26: NC | D26: 27 | E26: 72.1 | F26: 1.38 | G26: -0.01 | H26: 0.46 | I26: 0.87
A27: 4 | B27: 김녹원 | C27: NC | D27: 22 | E27: 70 | F27: 0.32 | G27: 0.11 | H27: 0.11 | I27: 0.14
A28: 5 | B28: 류진욱 | C28: NC | D28: 29 | E28: 66 | F28: 1.74 | G28: -0.11 | H28: 2.43 | I28: 1.32
A29: 6 | B29: 배재환 | C29: NC | D29: 30 | E29: 60.1 | F29: 0.89 | G29: -0.1 | H29: 0.26 | I29: 0.39
A30: 7 | B30: 목지훈 | C30: NC | D30: 21 | E30: 58 | F30: 0.2 | G30: -0.27 | H30: -0.02 | I30: 0.02
A31: 8 | B31: 손주환 | C31: NC | D31: 23 | E31: 51.2 | F31: 0.67 | G31: -0.03 | H31: 0.21 | I31: 0.34
A32: 9 | B32: 최성영 | C32: NC | D32: 28 | E32: 47.2 | F32: -0.54 | G32: -0.14 | H32: 0.89 | I32: 0.08
A33: 10 | B33: 김영규 | C33: NC | D33: 25 | E33: 44 | F33: 1.21 | G33: 1.54 | H33: 1.22 | I33: 1.45
A34: 11 | B34: 이준혁 | C34: NC | D34: 22 | E34: 37 | F34: -0.5 | G34: -0.17 | H34: -0.17 | I34: -0.22
A35: 12 | B35: 김재열 | C35: NC | D35: 29 | E35: 21.2 | F35: -0.73 | G35: 2.12 | H35: -0.74 | I35: 0.3
... A38: 15 | B38: 구창모 | C38: NC | D38: 28 | E38: 14.1 | F38: 0.67 | G38: 0.78 | H38: 1.66 | I38: 0.65
I39: =SUM(I24:I38) -> 7.51

Sheet 키움
A2: 국내 야수 15인 (타석순)
A4: 순 | B4: 선수명 | C4: 팀 | D4: 나이(2025) | E4: 경기 | F4: 타석 | G4: 25WAR | H4: X24WAR | I4: X23WAR | J4: 최종_회귀적용 WAR
A5: 1 | B5: 이주형 | C5: 키움 | D5: 24 | E5: 127 | F5: 514 | G5: 2.93 | H5: 2.03 | I5: 2.22 | J5: 2.9
A6: 2 | B6: 최주환 | C6: 키움 | D6: 37 | E6: 120 | F6: 506 | G6: 0.56 | H6: -0.03 | I6: 0.18 | J6: 0.2
A7: 3 | B7: 임지열 | C7: 키움 | D7: 30 | E7: 102 | F7: 417 | G7: 1.04 | H7: -0.82 | I7: 0.24 | J7: 0.46
A8: 4 | B8: 어준서 | C8: 키움 | D8: 19 | E8: 116 | F8: 360 | G8: -0.81 | H8: -0.27 | I8: -0.27 | J8: 0.23
A9: 5 | B9: 김건희 | C9: 키움 | D9: 21 | E9: 105 | F9: 344 | G9: 0.3 | H9: 0.22 | I9: -0.22 | J9: 0.2
A10: 6 | B10: 김태진 | C10: 키움 | D10: 30 | E10: 94 | F10: 304 | G10: -0.47 | H10: -0.04 | I10: -0.69 | J10: -0.42
A11: 7 | B11: 박주홍 | C11: 키움 | D11: 24 | E11: 102 | F11: 283 | G11: 0.19 | H11: -0.26 | I11: -0.69 | J11: -0.1
A12: 8 | B12: 전태현 | C12: 키움 | D12: 19 | E12: 77 | F12: 207 | G12: -0.23 | H12: -0.08 | I12: -0.08 | J12: 0.07
A13: 9 | B13: 안치홍 | C13: 키움 | D13: 35 | E13: 66 | F13: 196 | G13: -1.34 | H13: 1.38 | I13: 2.38 | J13: 0.54
A14: 10 | B14: 주성원 | C14: 키움 | D14: 25 | E14: 58 | F14: 174 | G14: 0.13 | H14: -0.13 | I14: -0.43 | J14: -0.06
A15: 11 | B15: 오선진 | C15: 키움 | D15: 36 | E15: 99 | F15: 163 | G15: 0.06 | H15: 0.02 | I15: 0.02 | J15: 0.03
A16: 12 | B16: 임병욱 | C16: 키움 | D16: 30 | E16: 52 | F16: 140 | G16: -0.66 | H16: -0.15 | I16: 0.32 | J16: -0.34
... A19: 15 | B19: 추재현 | C19: 키움 | D19: 26 | E19: 34 | F19: 87 | G19: -0.53 | H19: -0.18 | I19: -0.18 | J19: -0.22
J20: =SUM(J5:J19) -> 3.42
A21: 국내 투수 15인 (이닝순)
A23: 순 | B23: 선수명 | C23: 팀 | D23: 나이(2025) | E23: 이닝 | F23: 25WAR | G23: X24WAR | H23: X23WAR | I23: 최종_회귀적용 WAR
A24: 1 | B24: 하영민 | C24: 키움 | D24: 30 | E24: 153.1 | F24: 1.41 | G24: 2.73 | H24: -0.76 | I24: 1.37
A25: 2 | B25: 김윤하 | C25: 키움 | D25: 20 | E25: 88 | F25: -0.84 | G25: 0.34 | H25: -0.17 | I25: -0.11
A26: 3 | B26: 정현우 | C26: 키움 | D26: 19 | E26: 81.1 | F26: -0.26 | G26: -0.09 | H26: -0.09 | I26: -0.18
A27: 4 | B27: 김선기 | C27: 키움 | D27: 34 | E27: 78 | F27: -0.29 | G27: 0.15 | H27: -0.83 | I27: -0.2
A28: 5 | B28: 조영건 | C28: 키움 | D28: 26 | E28: 77.2 | F28: -0.51 | G28: -0.6 | H28: 0.36 | I28: -0.32
A29: 6 | B29: 오석주 | C29: 키움 | D29: 27 | E29: 58.1 | F29: 0.85 | G29: -0.51 | H29: -0.02 | I29: 0.43
A30: 7 | B30: 원종현 | C30: 키움 | D30: 38 | E30: 54.1 | F30: -1.66 | G30: 0.08 | H30: -0.26 | I30: -0.86
A31: 8 | B31: 박주성 | C31: 키움 | D31: 25 | E31: 52 | F31: -0.51 | G31: -0.17 | H31: -0.17 | I31: -0.28
A32: 9 | B32: 김연주 | C32: 키움 | D32: 21 | E32: 51.2 | F32: -0.52 | G32: -0.17 | H32: -0.23 | I32: -0.36
A33: 10 | B33: 박윤성 | C33: 키움 | D33: 21 | E33: 51.2 | F33: -0.73 | G33: 0.05 | H33: -0.23 | I33: -0.41
A34: 11 | B34: 윤석원 | C34: 키움 | D34: 22 | E34: 37.1 | F34: -0.15 | G34: -0.65 | H34: -0.28 | I34: -0.29
A35: 12 | B35: 김성민 | C35: 키움 | D35: 31 | E35: 25 | F35: -0.25 | G35: 0.51 | H35: 0.09 | I35: 0.03
... A38: 15 | B38: 이준우 | C38: 키움 | D38: 24 | E38: 23 | F38: -1.14 | G38: -0.38 | H38: -0.38 | I38: -0.66
I39: =SUM(I24:I38) -> -2.32

Sheet 국내 투타 전체
A1: 2026 팀별 국내 선수 WAR
A4: 순 | B4: 팀 | C4: 타자 WAR | D4: 투수 WAR | E4: 전체 WAR
A5: 1 | B5: LG | C5: =LG!J20 -> 25.32 | D5: =LG!I39 -> 14.21 | E5: =C5+D5 -> 39.53
A6: 2 | B6: 삼성 | C6: =삼성!J20 -> 25.3 | D6: =삼성!I39 -> 14.16 | E6: =C6+D6 -> 39.46
A7: 3 | B7: 한화 | C7: =한화!J20 -> 19.17 | D7: =한화!I39 -> 13.4 | E7: =C7+D7 -> 32.57
A8: 4 | B8: KT | C8: =KT!J20 -> 14.08 | D8: =KT!I39 -> 14.74 | E8: =C8+D8 -> 28.82
A9: 5 | B9: SSG | C9: =SSG!J20 -> 14.04 | D9: =SSG!I39 -> 14.2 | E9: =C9+D9 -> 28.24
A10: 6 | B10: NC | C10: =NC!J20 -> 20.23 | D10: =NC!I39 -> 7.51 | E10: =C10+D10 -> 27.74
A11: 7 | B11: 두산 | C11: =두산!J20 -> 18.38 | D11: =두산!I39 -> 9.33 | E11: =C11+D11 -> 27.71
A12: 8 | B12: 롯데 | C12: =롯데!J20 -> 14.63 | D12: =롯데!I39 -> 10.5 | E12: =C12+D12 -> 25.13
A13: 9 | B13: KIA | C13: =KIA!J20 -> 12.52 | D13: =KIA!I39 -> 10.96 | E13: =C13+D13 -> 23.48
A14: 10 | B14: 키움 | C14: =키움!J20 -> 3.42 | D14: =키움!I39 -> -2.32 | E14: =C14+D14 -> 1.1

Sheet 외국인 선수_ver.1
A1: 2020-24 팀별 외국인 타자 평균 WAR | F1: 2020-24 팀별 외국인 투수 평균 WAR
A3: 순 | B3: 팀 | C3: WAR | F3: 순 | G3: 팀 | H3: WAR
A4: 1 | B4: KT | C4: 4.59 | F4: 1 | G4: NC | H4: 5.03
A5: 2 | B5: NC | C5: 3.61 | F5: 2 | G5: 삼성 | H5: 4.89
A6: 3 | B6: KIA | C6: 3.36 | F6: 3 | G6: LG | H6: 4.82
A7: 4 | B7: SSG | C7: 3.01 | F7: 4 | G7: 롯데 | H7: 4.69
A8: 5 | B8: 롯데 | C8: 2.93 | F8: 5 | G8: 키움 | H8: 4.64
A9: 6 | B9: 두산 | C9: 2.88 | F9: 6 | G9: 두산 | H9: 4.4
A10: 7 | B10: LG | C10: 2.79 | F10: 7 | G10: KT | H10: 4.31
A11: 8 | B11: 삼성 | C11: 1.99 | F11: 8 | G11: KIA | H11: 3.68
A12: 9 | B12: 키움 | C12: 1.63 | F12: 9 | G12: 한화 | H12: 3
A13: 10 | B13: 한화 | C13: 1.28 | F13: 10 | G13: SSG | H13: 2.98
A15: 2026 재계약 외국인 타자
A17: 선수명 | B17: 팀 | C17: 나이 | D17: 24WAR | E17: X23WAR | F17: X22WAR | G17: 최종
A18: 레이예스 | B18: 롯데 | C18: 30 | D18: 3.4 | E18: 3 | F18: 3 | G18: 2.88
A19: 에레디아 | B19: SSG | C19: 34 | D19: 4.42 | E19: 3.82 | F19: 3 | G19: 3.48
A20: 데이비슨 | B20: NC | C20: 34 | D20: 3.98 | E20: 3 | F20: 3 | G20: 3.21
A21: 오스틴 | B21: LG | C21: 31 | D21: 5.06 | E21: 4.97 | F21: 3 | G21: 4.12
A22: 로하스 | B22: KT | C22: 34 | D22: 6.5 | E22: 3 | F22: 3 | G22: 3.9
A23: 디아즈 | B23: 삼성 | C23: 28 | D23: 0.53 | E23: 3 | F23: 3
A25: 2026 재계약 외국인 투수
A27: 선수명 | B27: 팀 | C27: 나이 | D27: 24WAR | E27: X23WAR | F27: X22WAR | G27: 최종
A28: 네일 | B28: KIA | C28: 32 | D28: 4.9 | E28: 3 | F28: 3 | G28: 2.93
A29: 쿠에바스 | B29: KT | C29: 34 | D29: 5.06 | E29: 5.19 | F29: 0.48 | G29: 2.97
A30: 반즈 | B30: 롯데 | C30: 29 | D30: 6.43 | E30: 5.49 | F30: 5.1 | G30: 5.18
A31: 레예스 | B31: 삼성 | C31: 28 | D31: 5.06 | E31: 3 | F31: 3 | G31: 3.71
A32: 후라도 | B32: 삼성 | C32: 28 | D32: 6.61 | E32: 6.61 | F32: 4.41 | G32: 5.5
A33: 헤이수스 | B33: KT | C33: 30 | D33: 5.09 | E33: 3 | F33: 3 | G33: 3.64
A34: 앤더슨 | B34: SSG | C34: 31 | D34: 3.86 | E34: 3 | F34: 3
A35: 와이스 | B35: 한화 | C35: 28 | D35: 2.92 | E35: 3 | F35: 3
A36: 에르난데스 | B36: LG | C36: 30 | D36: 1.59 | E36: 3 | F36: 3

Sheet 외국인 선수_ver.4
A1: 2020-24 팀별 외국인 타자 평균 WAR | F1: 2020-24 팀별 외국인 투수 평균 WAR | K1: 2026 외국인 현황
A3: 순 | B3: 팀 | C3: WAR | F3: 순 | G3: 팀 | H3: WAR | K3: 팀 | L3: 신규 외국인 타자 | M3: 신규 외국인 투수 | N3: 타자 보정 | O3: 투수 보정 | P3: 신규 보정
A4: 1 | B4: kt | C4: 4.59 | F4: 1 | G4: NC | H4: 5.03 | K4: KIA | L4: 1 | M4: 0 | N4: =3*L4 -> 3 | O4: =4*M4 -> 0 | P4: =N4+O4 -> 3
A5: 2 | B5: NC | C5: 3.61 | F5: 2 | G5: 삼성 | H5: 4.89 | K5: 삼성 | L5: 0 | M5: 1 | N5: =3*L5 -> 0 | O5: =4*M5 -> 4 | P5: =N5+O5 -> 4
A6: 3 | B6: KIA | C6: 3.36 | F6: 3 | G6: LG | H6: 4.82 | K6: LG | L6: 0 | M6: 1 | N6: =3*L6 -> 0 | O6: =4*M6 -> 4 | P6: =N6+O6 -> 4
A7: 4 | B7: SSG | C7: 3.01 | F7: 4 | G7: 롯데 | H7: 4.69 | K7: 두산 | L7: 1 | M7: 1 | N7: =3*L7 -> 3 | O7: =4*M7 -> 4 | P7: =N7+O7 -> 7
A8: 5 | B8: 롯데 | C8: 2.93 | F8: 5 | G8: 키움 | H8: 4.64 | K8: KT | L8: 1 | M8: 2 | N8: =3*L8 -> 3 | O8: =4*M8 -> 8 | P8: =N8+O8 -> 11
A9: 6 | B9: 두산 | C9: 2.88 | F9: 6 | G9: 두산 | H9: 4.4 | K9: SSG | L9: 0 | M9: 1 | N9: =3*L9 -> 0 | O9: =4*M9 -> 4 | P9: =N9+O9 -> 4
A10: 7 | B10: LG | C10: 2.79 | F10: 7 | G10: kt | H10: 4.31 | K10: 롯데 | L10: 0 | M10: 2 | N10: =3*L10 -> 0 | O10: =4*M10 -> 8 | P10: =N10+O10 -> 8
A11: 8 | B11: 삼성 | C11: 1.99 | F11: 8 | G11: KIA | H11: 3.68 | K11: 한화 | L11: 1 | M11: 2 | N11: =3*L11 -> 3 | O11: =4*M11 -> 8 | P11: =N11+O11 -> 11
A12: 9 | B12: 키움 | C12: 1.63 | F12: 9 | G12: 한화 | H12: 3 | K12: NC | L12: 0 | M12: 1 | N12: =3*L12 -> 0 | O12: =4*M12 -> 4 | P12: =N12+O12 -> 4
A13: 10 | B13: 한화 | C13: 1.28 | F13: 10 | G13: SSG | H13: 2.98 | K13: 키움 | L13: 1 | M13: 1 | N13: =3*L13 -> 3 | O13: =4*M13 -> 4 | P13: =N13+O13 -> 7
A15: 2026 재계약 외국인 타자 | K15: 국내+외국인 최종합_ver.4
A17: 선수명 | B17: 팀 | C17: 나이(2026) | D17: 25WAR | E17: X24WAR | F17: X23WAR | G17: 최종 | K17: 순 | L17: 팀 | M17: 국내 WAR | N17: 신규 외국인 WAR | O17: 재계약 외국인 WAR | P17: 전체
A18: 레이예스 | B18: 롯데 | C18: 32 | D18: 3.51 | E18: 3.21 | F18: 3 | G18: 3.07 | K18: 1 | L18: KIA | M18: =VLOOKUP($L18,'국내 투타 전체'!$B$4:$E$14,4,0) -> 23.48 | N18: =VLOOKUP($L18, $K$3:$P$13,6,0) -> 3 | O18: =G27+G34 -> 7.37 | P18: =M18+N18+O18 -> 33.85
A19: 데이비슨 | B19: NC | C19: 35 | D19: 2.72 | E19: 4.11 | F19: 3 | G19: 2.84 | K19: 2 | L19: LG | M19: =VLOOKUP($L19,'국내 투타 전체'!$B$4:$E$14,4,0) -> 39.53 | N19: =VLOOKUP($L19, $K$3:$P$13,6,0) -> 4 | O19: =G20+G31 -> 7.95 | P19: =M19+N19+O19 -> 51.48
A20: 오스틴 | B20: LG | C20: 33 | D20: 4.86 | E20: 5.23 | F20: 5.13 | G20: 4.57 | K20: 3 | L20: 두산 | M20: =VLOOKUP($L20,'국내 투타 전체'!$B$4:$E$14,4,0) -> 27.71 | N20: =VLOOKUP($L20, $K$3:$P$13,6,0) -> 7 | O20: =G28 -> 4.15 | P20: =M20+N20+O20 -> 38.86
A21: 디아즈 | B21: 삼성 | C21: 30 | D21: 5.8 | E21: 3 | F21: 3 | G21: 4.61 | K21: 4 | L21: 한화 | M21: =VLOOKUP($L21,'국내 투타 전체'!$B$4:$E$14,4,0) -> 32.57 | N21: =VLOOKUP($L21, $K$3:$P$13,6,0) -> 11 | O21: 0 | P21: =M21+N21+O21 -> 43.57
A22: 에레디아 | B22: SSG | C22: 35 | D22: 3.54 | E22: 4.56 | F22: 3.95 | G22: 3.61 | K22: 5 | L22: 삼성 | M22: =VLOOKUP($L22,'국내 투타 전체'!$B$4:$E$14,4,0) -> 39.46 | N22: =VLOOKUP($L22, $K$3:$P$13,6,0) -> 4 | O22: =G21+G30 -> 10.48 | P22: =M22+N22+O22 -> 53.94
K23: 6 | L23: NC | M23: =VLOOKUP($L23,'국내 투타 전체'!$B$4:$E$14,4,0) -> 27.74 | N23: =VLOOKUP($L23, $K$3:$P$13,6,0) -> 4 | O23: =G19+G29 -> 6.76 | P23: =M23+N23+O23 -> 38.5
A24: 2026 재계약 외국인 투수 | K24: 7 | L24: SSG | M24: =VLOOKUP($L24,'국내 투타 전체'!$B$4:$E$14,4,0) -> 28.24 | N24: =VLOOKUP($L24, $K$3:$P$13,6,0) -> 4 | O24: =G22+G33 -> 7.34 | P24: =M24+N24+O24 -> 39.58
K25: 8 | L25: 롯데 | M25: =VLOOKUP($L25,'국내 투타 전체'!$B$4:$E$14,4,0) -> 25.13 | N25: =VLOOKUP($L25, $K$3:$P$13,6,0) -> 8 | O25: =G18 -> 3.07 | P25: =M25+N25+O25 -> 36.2
A26: 선수명 | B26: 팀 | C26: 나이(2026) | D26: 25WAR | E26: X24WAR | F26: X23WAR | G26: 최종 | K26: 9 | L26: KT | M26: =VLOOKUP($L26,'국내 투타 전체'!$B$4:$E$14,4,0) -> 28.82 | N26: =VLOOKUP($L26, $K$3:$P$13,6,0) -> 11 | O26: 0 | P26: =M26+N26+O26 -> 39.82
A27: 네일 | B27: KIA | C27: 33 | D27: 6.59 | E27: 4.31 | F27: 4 | G27: 3.92 | K27: 10 | L27: 키움 | M27: =VLOOKUP($L27,'국내 투타 전체'!$B$4:$E$14,4,0) -> 1.1 | N27: =VLOOKUP($L27, $K$3:$P$13,6,0) -> 7 | O27: =G32 -> 3.6 | P27: =M27+N27+O27 -> 11.7
A28: 잭로그 | B28: 두산 | C28: 30 | D28: 5.34 | E28: 4 | F28: 4 | G28: 4.15
A29: 라일리 | B29: NC | C29: 30 | D29: 4.34 | E29: 4 | F29: 4 | G29: 3.92 | K29: 순 | L29: 팀 | M29: 국내 WAR | N29: 신규 외국인 WAR | O29: 재계약 외국인 WAR | P29: 전체
A30: 후라도 | B30: 삼성 | C30: 30 | D30: 7.57 | E30: 5.8 | F30: 5.88 | G30: 5.87 | K30: 1 | L30: 삼성 | M30: 39.46 | N30: 4 | O30: 10.48 | P30: 53.94
A31: 치리노스 | B31: LG | C31: 33 | D31: 5.21 | E31: 4 | F31: 4 | G31: 3.38 | K31: 2 | L31: LG | M31: 39.53 | N31: 4 | O31: 7.95 | P31: 51.48
A32: 알칸타라 | B32: 키움 | C32: 34 | D32: 4 | E32: 4 | F32: 5.36 | G32: 3.6 | K32: 3 | L32: 한화 | M32: 32.57 | N32: 11 | O32: 0 | P32: 43.57
A33: 화이트 | B33: SSG | C33: 32 | D33: 4.24 | E33: 4 | F33: 4 | G33: 3.73 | K33: 4 | L33: KT | M33: 28.82 | N33: 11 | O33: 0 | P33: 39.82
A34: 올러 | B34: KIA | C34: 32 | D34: 3.61 | E34: 4 | F34: 4 | G34: 3.45 | K34: 5 | L34: SSG | M34: 28.24 | N34: 4 | O34: 7.34 | P34: 39.58
K35: 6 | L35: 두산 | M35: 27.71 | N35: 7 | O35: 4.15 | P35: 38.86
K36: 7 | L36: NC | M36: 27.74 | N36: 4 | O36: 6.76 | P36: 38.5
K37: 8 | L37: 롯데 | M37: 25.13 | N37: 8 | O37: 3.07 | P37: 36.2
K38: 9 | L38: KIA | M38: 23.48 | N38: 3 | O38: 7.37 | P38: 33.85
K39: 10 | L39: 키움 | M39: 1.1 | N39: 7 | O39: 3.6 | P39: 11.7

Sheet 이적 현황
A1: 순 | B1: 선수명 | C1: 나이(2026) | D1: 전 소속팀 | E1: 현 소속팀 | F1: 포지션 | G1: 계약 | H1: 비고
A2: 1 | B2: 임기영 | C2: 33 | D2: KIA | E2: 삼성 | F2: 투수 | G2: - | H2: 2차 드래프트 3라운드
A3: 2 | B3: 박찬호 | C3: 31 | D3: KIA | E3: 두산 | F3: 내야 | G3: 4년 80억 | H3: FA
A4: 3 | B4: 최형우 | C4: 43 | D4: KIA | E4: 삼성 | F4: 외야수 | G4: 2년 26억 | H4: FA
A5: 4 | B5: 한승택 | C5: 32 | D5: KIA | E5: KT | F5: 포수 | G5: 4년 10억 | H5: FA
A6: 5 | B6: 강병우 | C6: 23 | D6: KIA | E6: - | F6: 투수 | G6: - | H6: 방출
A7: 6 | B7: 김승현 | C7: 34 | D7: KIA | E7: - | F7: 투수 | G7: - | H7: 방출
A8: 7 | B8: 서건창 | C8: 37 | D8: KIA | E8: - | F8: 내야수 | G8: - | H8: 방출
A9: 8 | B9: 예진원 | C9: 27 | D9: KIA | E9: - | F9: 외야수 | G9: - | H9: 방출
A10: 9 | B10: 홍원빈 | C10: 26 | D10: KIA | E10: - | F10: 투수 | G10: - | H10: 방출
A11: 10 | B11: 박준표 | C11: 34 | D11: KIA | E11: - | F11: 투수 | G11: - | H11: 은퇴
A12: 11 | B12: 최용준 | C12: 25 | D12: KT | E12: SSG | F12: 투수 | G12: - | H12: 2차 드래프트 2라운드
A13: 12 | B13: 문상준 | C13: 25 | D13: KT | E13: SSG | F13: 내야수 | G13: - | H13: 2차 드래프트 3라운드
... A141: 140 | B141: 지강혁 | C141: 26 | D141: 화성 | E141: 두산 | F141: 내야수 | G141: - | H141: 방출 영입

Sheet 군대
A1: 순 | B1: 선수명 | C1: 나이(2026) | D1: 소속팀 | E1: 포지션 | F1: IN/OUT | G1: 비고
A2: 1 | B2: 이송찬 | C2: 22 | D2: KIA | E2: 투수 | F2: IN | G2: 2026.05.03 현역
A3: 2 | B3: 김태윤 | C3: 22 | D3: KIA | E3: 투수 | F3: IN | G3: 2026.05.10 현역
A4: 3 | B4: 최지웅 | C4: 22 | D4: KIA | E4: 투수 | F4: IN | G4: 2026.05.24 현역
A5: 4 | B5: 강효종 | C5: 24 | D5: KIA | E5: 투수 | F5: IN | G5: 2026.06.01 상무
A6: 5 | B6: 김찬민 | C6: 23 | D6: KIA | E6: 투수 | F6: IN | G6: 2026.06.02 현역
A7: 6 | B7: 강민제 | C7: 21 | D7: KIA | E7: 내야수 | F7: OUT | G7: 현역
A8: 7 | B8: 강동훈 | C8: 26 | D8: KIA | E8: 투수 | F8: OUT | G8: 현역
A9: 8 | B9: 조대현 | C9: 21 | D9: KIA | E9: 투수 | F9: OUT | G9: 현역
A10: 9 | B10: 이상준 | C10: 21 | D10: KIA | E10: 포수 | F10: OUT | G10: 현역
A11: 1 | B11: 류현인 | C11: 26 | D11: KT | E11: 내야수 | F11: IN | G11: 2025.12.09 상무
A12: 2 | B12: 김정운 | C12: 22 | D12: KT | E12: 투수 | F12: IN | G12: 2025.12.09 상무
A13: 3 | B13: 김병준 | C13: 23 | D13: KT | E13: 외야수 | F13: OUT | G13: 상무
... A106: 10 | B106: 김기중 | C106: 24 | D106: 한화 | E106: 투수 | F106: OUT | G106: 상무

Sheet 신규 외국인 선수
A1: 순 | B1: 현 소속팀 | C1: 선수명 | D1: 국적 | E1: 나이(2026) | F1: 투타 | G1: 아시아 경험 | H1: MLB 경험 | I1: 전 소속팀 | J1: 포지션 | K1: 비고
A2: 1 | B2: KT 위즈 | C2: 맷 사우어 | D2: 미국 | E2: 27 | F2: 우투우타 | G2: X | H2: O | I2: LA 다저스 | J2: 투수 | K2: 95만 달러
A3: 2 | B3: KT 위즈 | C3: 케일럽 보쉴리 | D3: 미국 | E3: 33 | F3: 우투우타 | G3: X | H3: O | I3: 텍사스 레인저스 | J3: 투수 | K3: 100만 달러
A4: 3 | B4: KT 위즈 | C4: 샘 힐리어드 | D4: 미국 | E4: 32 | F4: 좌투좌타 | G4: X | H4: O | I4: 콜로라도 로키스 | J4: 야수 (1루, 외야수) | K4: 100만달러
A5: 4 | B5: KT 위즈 | C5: 스기모토 코우키 | D5: 일본 | E5: 26 | F5: 우투우타 | G5: O | H5: X | I5: 도쿠시마 인디고삭스 | J5: 투수 | K5: 12만달러
A6: 5 | B6: 키움 히어로즈 | C6: 네이선 와일스 | D6: 미국 | E6: 28 | F6: 우투우타 | G6: X | H6: O | I6: 애틀란타 브레이브스 | J6: 투수 | K6: 91만 달러
A7: 6 | B7: 키움 히어로즈 | C7: 트렌턴 브룩스 | D7: 미국 | E7: 31 | F7: 좌투좌타 | G7: X | H7: O | I7: 샌디에이고 파드리스 | J7: 야수 (1루, 외야수) | K7: 85만 달러
A8: 7 | B8: 키움 히어로즈 | C8: 카나쿠보 유토 | D8: 일본 | E8: 27 | F8: 우투좌타 | G8: O | H8: X | I8: 야쿠르트 스왈로스 | J8: 투수 | K8: 13만 달러
A9: 8 | B9: LG 트윈스 | C9: 라클란 웰스 | D9: 호주 | E9: 29 | F9: 좌투좌타 | G9: O | H9: X | I9: 키움 히어로즈 | J9: 투수 | K9: 20만 달러
A10: 9 | B10: 두산 베어스 | C10: 크리스 플렉센 | D10: 미국 | E10: 32 | F10: 우투우타 | G10: O | H10: O | I10: 시카고 컵스 | J10: 투수 | K10: 100만 달러
A11: 10 | B11: 두산 베어스 | C11: 다즈 카메론 | D11: 미국 | E11: 29 | F11: 우투우타 | G11: X | H11: O | I11: 밀워키 브루어스 | J11: 야수 (외야수) | K11: 100만 달러
A12: 11 | B12: 두산 베어스 | C12: 타무라 이치로 | D12: 일본 | E12: 32 | F12: 우투좌타 | G12: O | H12: X | I12: 세이부 라이온즈 | J12: 투수 | K12: 20만 달러
A13: 12 | B13: SSG 랜더스 | C13: 드류 버하겐 | D13: 미국 | E13: 36 | F13: 우투우타 | G13: O | H13: O | I13: 니혼햄 파이터스 | J13: 투수 | K13: 90만 달러
... A27: 26 | B27: 한화 이글스 | C27: 왕옌청 | D27: 대만 | E27: 25 | F27: 좌투좌타 | G27: O | H27: X | I27: 도호쿠 라쿠텐 골든이글스 | J27: 투수 | K27: 10만 달러

Sheet 신인
A1: 순 | B1: 순위 | C1: 선수명 | D1: 학교 | E1: 지명팀 | F1: 포지션 | G1: 투타
A2: 1 | B2: 1라운드 3 | C2: 오재원 | D2: 유신고 | E2: 한화 이글스 | F2: 외야수 | G2: 우투좌타
A3: 2 | B3: 2라운드 13 | C3: 강건우 | D3: 북일고 | E3: 한화 이글스 | F3: 투수 | G3: 좌투좌타
A4: 3 | B4: 4라운드 33 | C4: 최유빈 | D4: 전주고-경성대 | E4: 한화 이글스 | F4: 내야수 | G4: 우투좌타
A5: 4 | B5: 5라운드 43 | C5: 권현규 | D5: 경북고 | E5: 한화 이글스 | F5: 내야수 | G5: 우투우타
A6: 5 | B6: 6라운드 53 | C6: 하동준 | D6: 라온고 | E6: 한화 이글스 | F6: 투수 | G6: 좌투좌타
A7: 6 | B7: 7라운드 63 | C7: 여현승 | D7: 대구고 | E7: 한화 이글스 | F7: 투수 | G7: 우투우타
A8: 7 | B8: 8라운드 73 | C8: 김준수 | D8: 야팁고 | E8: 한화 이글스 | F8: 내야수 | G8: 우투우타
A9: 8 | B9: 9라운드 83 | C9: 이재환 | D9: 물금고 | E9: 한화 이글스 | F9: 외야수 | G9: 우투좌타
A10: 9 | B10: 10라운드 93 | C10: 박주진 | D10: 대전고 | E10: 한화 이글스 | F10: 외야수 | G10: 우투우타
A11: 10 | B11: 11라운드 103 | C11: 황희성 | D11: 공주고 | E11: 한화 이글스 | F11: 투수 | G11: 우투우타
A12: 11 | B12: 신인 육성선수 | C12: 김동휘 | D12: 광주진흥고-송원대 | E12: 한화 이글스 | F12: 외야수 | G12: 우투좌타
A13: 12 | B13: 신인 육성선수 | C13: 박준영 | D13: 충암고-강릉영동대-청운대 | E13: 한화 이글스 | F13: 투수 | G13: 우사우타
... A144: 15 | B144: 신인 육성선수 | C144: 이기석 | D144: 원주고-부산과기대 | E144: 두산 베어스 | F144: 투수 | G144: 좌투좌타
